Price,RollingVol20,GARCH_vol
Ticker,,
Date,,
2018-01-03,,1.410844289040236
2018-01-04,,1.3651608159999862
2018-01-05,,1.3319531094188752
2018-01-08,,1.3407175895817998
2018-01-09,,1.3075052570849508
2018-01-10,,1.2728970538692777
2018-01-11,,1.2421482451587837
2018-01-12,,1.227297908010711
2018-01-16,,1.2425993895498098
2018-01-17,,1.2253309278493754
2018-01-18,,1.3015540624334025
2018-01-19,,1.2678945976632507
2018-01-22,,1.2453171616692913
2018-01-23,,1.2436277823425657
2018-01-24,,1.2161886434091416
2018-01-25,,1.2902473342721472
2018-01-26,,1.3742746323282247
2018-01-29,,1.334374083238449
2018-01-30,,1.4477595600682591
2018-01-31,15.064772149864469,1.4100209367267238
2018-02-01,15.11095701802172,1.3670377510486467
2018-02-02,21.296772480602606,1.3275288626587114
2018-02-05,21.8187302199427,1.878654894059661
2018-02-06,27.37769405393131,1.950162469404515
2018-02-07,28.096361637152334,2.2408532418313594
2018-02-08,29.241086330841092,2.221047467720097
2018-02-09,29.6669535198484,2.2694310835775404
2018-02-12,33.31443010518784,2.1774453159854943
2018-02-13,33.677709146707436,2.392394633930124
2018-02-14,33.830205859325226,2.2786056379153092
2018-02-15,36.184757397098245,2.2256511446764597
2018-02-16,36.174331443100364,2.337459056626251
2018-02-20,36.0961188447333,2.2097034183115474
2018-02-21,36.109610269593944,2.0929101100094685
2018-02-22,35.843174289007365,1.9884006038838278
2018-02-23,35.71592181764093,1.9053112985878535
2018-02-26,36.291196264474536,1.8883331948892073
2018-02-27,35.31890741087989,1.8951235411300549
2018-02-28,35.20248954688362,1.8057475915583465
2018-03-01,35.992699916885826,1.7223074519226174
2018-03-02,36.02727739372316,1.7334429046373176
2018-03-05,31.459948759600838,1.6695566584797448
2018-03-06,29.465587554621266,1.601688744152418
2018-03-07,26.91199488258949,1.5370200317723868
2018-03-08,25.266763704396354,1.506070716040153
2018-03-09,22.273826253235367,1.488567698160597
2018-03-12,22.22353294564879,1.5276375379997045
2018-03-13,19.52584367055285,1.4995458053458777
2018-03-14,20.005565379117673,1.4751195746799355
2018-03-15,19.309620113692365,1.446849286799805
2018-03-16,15.893603221838,1.3978876653769507
2018-03-19,16.920287286125436,1.357911104416399
2018-03-20,16.85473923520287,1.400410865283065
2018-03-21,18.801744283252273,1.355851773610667
2018-03-22,19.18723440207377,1.493005943945595
2018-03-23,19.468353659442,1.504031264927
2018-03-26,25.115031437895308,1.618255848577274
2018-03-27,26.548090991705003,2.1082904947655243
2018-03-28,26.699805292472185,2.1515213951508887
2018-03-29,26.419765539875407,2.0655698533228284
2018-04-02,26.24339981259186,1.9730519951687262
2018-04-03,26.563604363617255,1.884909626304985
2018-04-04,27.62865721648587,1.8209727765107884
2018-04-05,27.616121248522767,1.8307851909226291
2018-04-06,28.650709606963602,1.7573482483336131
2018-04-09,28.111225171819697,1.857568635291905
2018-04-10,28.815130185464366,1.794682471090816
2018-04-11,28.701888865300106,1.805207514507194
2018-04-12,28.897466468955564,1.7272159325698084
2018-04-13,28.932318944518492,1.6777728876610654
2018-04-16,29.0308819205526,1.6089629866833488
2018-04-17,28.901995210866506,1.555186396328996
2018-04-18,28.920156225935912,1.5529066874679827
2018-04-19,29.618677295336393,1.4943900237943664
2018-04-20,32.8746353621391,1.690147837787407
2018-04-23,31.801821700245885,2.0667328949287733
2018-04-24,27.007117163010285,1.9615729548702106
2018-04-25,25.68784006143953,1.9128085290312093
2018-04-26,25.47843925691579,1.8240049948018002
2018-04-27,25.555190737297963,1.7415606521525573
2018-04-30,26.397665929122144,1.7015107073579916
2018-05-01,27.44760467255102,1.718294587936047
2018-05-02,30.79531561735469,1.7879626828185242
2018-05-03,30.727962173311695,2.1629281479496996
2018-05-04,31.6875245404106,2.0482725411022527
2018-05-07,31.640533294563188,2.275166715660602
2018-05-08,31.183952157967187,2.161735800750492
2018-05-09,31.04969946048641,2.0517361284831965
2018-05-10,31.194744219995634,1.957781000085008
2018-05-11,31.329111211363525,1.9107411390216682
2018-05-14,31.396182730409723,1.8209871110615738
2018-05-15,31.46749511773895,1.7370155214986347
2018-05-16,31.505952858806165,1.6828944276803928
2018-05-17,29.446092770643094,1.6354057030704696
2018-05-18,24.1888657270308,1.5793730210475334
2018-05-21,23.95743508615988,1.520793806309908
2018-05-22,22.975442155791324,1.479899858082762
2018-05-23,22.954166355768297,1.4291759583569128
2018-05-24,23.110934536861762,1.3954996903908807
2018-05-25,22.12994396061925,1.3518522407000513
2018-05-29,22.127638944378106,1.3142936401407181
2018-05-30,21.449931902565343,1.2837565910519004
2018-05-31,16.296576490971894,1.2534903309597412
2018-06-01,17.114444342686937,1.2292813583437918
2018-06-04,11.414075616238,1.3231923552784886
2018-06-05,11.442379107932066,1.3121005049660013
2018-06-06,11.414259246908355,1.2987003228671754
2018-06-07,11.399708119279376,1.2695305713689555
2018-06-08,11.035097121836767,1.2418900223030755
2018-06-11,10.973084007503163,1.246763607270887
2018-06-12,11.037044009705635,1.2212848906898839
2018-06-13,10.933081227505976,1.2081981242901918
2018-06-14,10.499563759977839,1.2117234877042333
2018-06-15,10.939335402714843,1.1880472870244043
2018-06-18,10.838587730575114,1.209516033070159
2018-06-19,12.102342874324004,1.1860990699491518
2018-06-20,12.197505173965077,1.2685891225463728
2018-06-21,12.082872995740225,1.2455278292352272
2018-06-22,12.106462344763628,1.2299499656002384
2018-06-25,13.027183218065892,1.2073956794122878
2018-06-26,13.919969177253291,1.2707112942704237
2018-06-27,13.914364348743394,1.2969258546860079
2018-06-28,14.172552360115414,1.2642840313255919
2018-06-29,12.429085150370026,1.254480067822264
2018-07-02,12.7538151908903,1.2274973852059898
2018-07-03,13.539562649567156,1.2496577761324554
2018-07-05,13.896863065950003,1.335823453304044
2018-07-06,15.01266658827457,1.3213393361562507
2018-07-09,15.645815093033852,1.353230388828682
2018-07-10,15.629221250847502,1.3804833048426999
2018-07-11,16.109322254039114,1.3385033410520604
2018-07-12,17.049406131721543,1.3612005822828461
2018-07-13,17.05700020696854,1.4164045705542376
2018-07-16,16.634427885287266,1.3709805144141969
2018-07-17,16.64829267357302,1.3312141621565792
2018-07-18,15.593554348864064,1.296924341805793
2018-07-19,15.728820204980648,1.2747636081705724
2018-07-20,15.576644907221059,1.2664048878365248
2018-07-23,15.489089271197463,1.2383823280896529
2018-07-24,14.259220102592382,1.211830426925024
2018-07-25,14.037272158667433,1.2086732691115405
2018-07-26,14.11599481112306,1.2199284831122958
2018-07-27,15.578773619113246,1.1990812792292902
2018-07-30,15.73443359391302,1.2849677827923673
2018-07-31,15.305055632236437,1.264723593034055
2018-08-01,23.96654897273973,1.2364045825417143
2018-08-02,25.454372175172775,2.1368584647634767
2018-08-03,25.28401486319804,2.209357668217825
2018-08-06,25.073582817204574,2.091913304615252
2018-08-07,25.493057447070548,1.988951816395793
2018-08-08,24.712412772164484,1.9106297582191554
2018-08-09,24.353775998920053,1.8172251759072078
2018-08-10,24.47888386729116,1.748803787386468
2018-08-13,24.369379737710155,1.6724914301399576
2018-08-14,24.360438182010434,1.613016299341982
2018-08-15,24.080827213606792,1.552429767404618
2018-08-16,24.29865605181183,1.4940861444641769
2018-08-17,24.62361949014338,1.5077908604611734
2018-08-20,25.234919578435143,1.5744896449957544
2018-08-21,25.387539186218728,1.5419736076009722
2018-08-22,25.418356776741984,1.4841532654856024
2018-08-23,25.261360543877558,1.4309130418712444
2018-08-24,23.898886443441402,1.3845586588188545
2018-08-27,23.47938263841858,1.345028154858754
2018-08-28,23.404539482845603,1.330478461583233
2018-08-29,14.602522744891221,1.316822478612737
2018-08-30,11.790077754952534,1.3599227949936004
2018-08-31,12.050022901722055,1.3493339919027671
2018-09-04,12.059743104658793,1.3570228832901126
2018-09-05,11.653408331731686,1.320709889346383
2018-09-06,13.886996180580716,1.300345110747457
2018-09-07,14.423722848928469,1.367472703768337
2018-09-10,15.456272581831445,1.349584366063894
2018-09-11,17.359174895440805,1.3747722611837676
2018-09-12,18.25384843429158,1.5384824345137547
2018-09-13,19.747186749194217,1.5289457466359304
2018-09-14,20.00564890799521,1.6443566823311122
2018-09-17,21.455078045874412,1.6140493639185594
2018-09-18,21.139759345629002,1.7566581270282038
2018-09-19,21.11765457810832,1.6778668711275413
2018-09-20,21.25211442853764,1.6057822544367846
2018-09-21,21.66712270609097,1.5580232837836074
2018-09-24,22.201589864281303,1.5340392735655832
2018-09-25,22.13130637297349,1.5398047567200603
2018-09-26,22.183346774284118,1.493702681164557
2018-09-27,22.74691547225858,1.4603836627402411
2018-09-28,22.54753863389763,1.5423242058734903
2018-10-01,22.291455345540534,1.487172000056812
2018-10-02,22.49100900666081,1.4484223602783084
2018-10-03,22.721526952995568,1.4250882985237228
2018-10-04,22.82632421490128,1.4272948870740743
2018-10-05,23.447103787190652,1.4839181888908275
2018-10-08,22.87893909398926,1.5167106168703888
2018-10-09,21.64931636327193,1.4619368897643727
2018-10-10,27.285713695722603,1.4731124806303142
2018-10-11,25.7472808023952,2.0371088696585833
2018-10-12,28.777366574138313,1.95164611414534
2018-10-15,28.175962485976996,2.1460453339697723
2018-10-16,29.23164160030111,2.1381817046285163
2018-10-17,29.290417536844565,2.133080500256032
2018-10-18,30.38684121783049,2.0245941103006557
2018-10-19,30.658953754366884,2.054294862825244
2018-10-22,30.30232364827683,2.0029329265289384
2018-10-23,30.406765739736063,1.9104930784987606
2018-10-24,32.76787162621771,1.8397787729019817
2018-10-25,32.8860750685027,2.055550654866275
2018-10-26,33.24896088299214,2.060143780396498
2018-10-29,33.589249276719734,2.015001925285818
2018-10-30,33.42959015209316,1.9992157069278373
2018-10-31,34.60912611775789,1.9040641833711152
2018-11-01,34.71701757893902,1.9766671036037755
2018-11-02,41.936065472407826,1.9349672048841025
2018-11-05,42.8475710737152,2.8006331577135275
2018-11-06,42.6841243294167,2.778506806787311
2018-11-07,41.38103434741111,2.6338774617382277
2018-11-08,41.29811006673069,2.644779866932426
2018-11-09,39.43122858790097,2.492183904126777
2018-11-12,42.53899252161488,2.424710978015799
2018-11-13,41.316168999115774,2.786157723574366
2018-11-14,41.999623601452676,2.638205213732372
2018-11-15,43.11307653845664,2.635681367772294
2018-11-16,42.87223859751422,2.592411571839508
2018-11-19,44.2788791379075,2.4650943907369807
2018-11-20,45.98031630018337,2.6367555321575242
2018-11-21,45.23986258253955,2.9038441198109086
2018-11-23,44.00238763413598,2.7287407025436985
2018-11-26,44.87855097575652,2.686460936957258
2018-11-27,44.856025840416024,2.5618008569445108
2018-11-28,47.693459256165774,2.4144548886349364
2018-11-29,45.998622810805614,2.556949372259503
2018-11-30,45.08738785755228,2.4207225100655996
2018-12-03,42.28590578864744,2.289950531553789
2018-12-04,43.825557778443,2.408195931999102
2018-12-06,43.37522505838796,2.6608245258835113
2018-12-07,42.1527249404437,2.528282989097216
2018-12-10,42.534370925213324,2.6316607412203705
2018-12-11,42.42185821383681,2.4860150036679274
2018-12-12,39.57090327375279,2.350491402528572
2018-12-13,40.04553897615923,2.221058734562597
2018-12-14,40.35969426183156,2.1272578131064965
2018-12-17,38.72870866017067,2.2497204348541713
2018-12-18,38.856037112635256,2.146373378831149
2018-12-19,37.991224045939816,2.070825730271103
2018-12-20,35.40093060043392,2.1921167290180916
2018-12-21,37.28494272757167,2.218336066704502
2018-12-24,37.31611279780354,2.4275613508944143
2018-12-26,45.59440782031001,2.428075938983475
2018-12-27,45.58145539585956,3.1036179914610913
2018-12-28,42.72678380192739,2.9197179957817037
2018-12-31,43.147686046834174,2.74320163248684
2019-01-02,43.23171647279604,2.5973982586605047
2019-01-03,53.07496339515032,2.446517114688488
2019-01-04,55.06552115185174,3.968617234406302
2019-01-07,55.10503275946929,3.9293231443096897
2019-01-08,54.86943276143992,3.6770357654911963
2019-01-09,55.29015113704768,3.4915567253674533
2019-01-10,55.36619094977935,3.3120700901655726
2019-01-11,55.32443474371197,3.1069175197335688
2019-01-14,55.08985842904808,2.931644953576768
2019-01-15,54.973668355548696,2.7933418328977093
2019-01-16,55.219787157772785,2.69963972510594
2019-01-17,55.01101579050569,2.5676965990839937
2019-01-18,54.04047744066356,2.4257962263786794
2019-01-22,53.87956169672471,2.2963221403873297
2019-01-23,51.93212181148239,2.2794108570283576
2019-01-24,51.05798932716383,2.157791471497683
2019-01-25,46.300424178812385,2.057438353645929
2019-01-28,46.36441190453334,2.193843360470346
2019-01-29,46.512023913956455,2.095440469042292
2019-01-30,52.12414989994826,2.011496737205931
2019-01-31,52.149961219967125,2.7896600876932958
2019-02-01,33.351947747778695,2.6325493187401166
2019-02-04,31.81608855296619,2.47865092167116
2019-02-05,31.790510799568604,2.490958535524211
2019-02-06,31.642416492274588,2.4057214426971925
2019-02-07,32.7508457881498,2.270125167350295
2019-02-08,32.777046994529194,2.2249165421325205
2019-02-11,32.556354452733764,2.1045849662291345
2019-02-12,31.631964056764065,2.002023878572315
2019-02-13,31.434155782815072,1.9186991558047404
2019-02-14,31.34104388264975,1.8289506304541876
2019-02-15,31.445570749732422,1.7463565370485767
2019-02-19,31.446052466977882,1.669158293872769
2019-02-20,29.75585208746814,1.6004381659715905
2019-02-21,30.03720156265667,1.5483040148766187
2019-02-22,29.664852606012037,1.4987761475422012
2019-02-25,28.019833584188085,1.4839339599901011
2019-02-26,27.558696282621487,1.4480426395285697
2019-02-27,26.92231088563231,1.3986010073143218
2019-02-28,15.745379770459527,1.3575307781977717
2019-03-01,15.915404092139026,1.3521385499830578
2019-03-04,15.912470893666109,1.3515316399708694
2019-03-05,12.921155200828489,1.3211796136450238
2019-03-06,11.768985265585027,1.2862888424160392
2019-03-07,12.510281220113992,1.2665347590532539
2019-03-08,10.360495155389225,1.287334140868857
2019-03-11,15.714503901660121,1.2570774354289895
2019-03-12,15.692781697273835,1.614449585020655
2019-03-13,15.57530689247553,1.5860375711942007
2019-03-14,15.574787453250124,1.5287113659022669
2019-03-15,15.904860166925532,1.509820952997544
2019-03-18,15.838662871465964,1.5074020451199366
2019-03-19,16.478689207494252,1.4850792320830704
2019-03-20,16.536238426124573,1.4525278723082502
2019-03-21,19.529289627961035,1.4278402078561954
2019-03-22,21.72909787886731,1.7731811686010583
2019-03-25,22.53670391036776,1.8104804744740461
2019-03-26,23.086690527636705,1.766105905284807
2019-03-27,23.16819934500765,1.715699898786316
2019-03-28,22.62899714247962,1.6629354458325336
2019-03-29,22.529671018814167,1.5926854169032907
2019-04-01,22.547617806010404,1.5416854962051956
2019-04-02,22.709972513159013,1.4972352456751044
2019-04-03,22.354481250852682,1.5094840839125794
2019-04-04,21.469738862923073,1.4688098897907902
2019-04-05,21.419468803248993,1.4181389916573242
2019-04-08,19.156017558319103,1.386964143772936
2019-04-09,19.269558805495418,1.4270956289564614
2019-04-10,19.270251810956516,1.3827991889936466
2019-04-11,19.68227603254903,1.3510856507439604
2019-04-12,19.44605404732165,1.336713212507631
2019-04-15,19.281450450793553,1.2989693807603182
2019-04-16,18.888114936004783,1.266521410183965
2019-04-17,19.648093248630847,1.2364726917754318
2019-04-18,15.501462179648648,1.3475542764752335
2019-04-22,12.870220855639298,1.3132271212324074
2019-04-23,12.025493409320196,1.2819680738272583
2019-04-24,10.908870016373855,1.3255759252763029
2019-04-25,11.917895865042452,1.2898583981155043
2019-04-26,12.309215021144485,1.2881184248131872
2019-04-29,12.300387478792995,1.2642541416489887
2019-04-30,14.719325414496945,1.2353381657124063
2019-05-01,21.558590476198106,1.3488061938361602
2019-05-02,21.85215041867811,1.97223872885442
2019-05-03,22.068121716563553,1.884012065938223
2019-05-06,23.09123966014798,1.832731837493542
2019-05-07,24.898716316497367,1.8106900660735123
2019-05-08,24.861733508629015,1.9201048404116046
2019-05-09,25.126036541692148,1.8257488982129089
2019-05-10,25.44978800593467,1.7713263733385791
2019-05-13,33.10156614480774,1.7440696251185601
2019-05-14,33.74344379818353,2.483852780246215
2019-05-15,34.12384125968434,2.391223812311632
2019-05-16,33.19257639791016,2.286346511368343
2019-05-17,33.10696176534844,2.164829467208348
2019-05-20,34.45227425180904,2.056742501403669
2019-05-21,34.8433898922959,2.1817057335372128
2019-05-22,35.24354635997594,2.1458012424416317
2019-05-23,35.45314783278276,2.1292014055080486
2019-05-24,35.46062418991928,2.0850900410810818
2019-05-28,35.349230319711,1.9798630858858557
2019-05-29,35.03035948077162,1.8845414063363197
2019-05-30,29.090212279574303,1.7993712006521037
2019-05-31,29.303643862121927,1.7232514019730243
2019-06-03,28.228046110863275,1.740232855889887
2019-06-04,32.44335828971536,1.6913551924125574
2019-06-05,32.534041679993614,1.9596149454558414
2019-06-06,33.23636924080582,1.9258745799646277
2019-06-07,34.85004385956741,1.8851266719167472
2019-06-10,34.97362201133516,1.9676003794313799
2019-06-11,27.454855663922068,1.9094504220722026
2019-06-12,27.05558196243862,1.8502677398318987
2019-06-13,26.774457625436536,1.7648828665463492
2019-06-14,26.868664535320754,1.6845744966042766
2019-06-17,26.819135227706337,1.6272839971982584
2019-06-18,24.867003125555883,1.5706245721972842
2019-06-19,24.329197021310698,1.6697603302315267
2019-06-20,22.7132976724646,1.6008756681363248
2019-06-21,21.467995114668035,1.5556837650238113
2019-06-24,21.334955043470462,1.4989810189680919
2019-06-25,22.32422573275281,1.4445736993178069
2019-06-26,22.787910741635095,1.4724071816550486
2019-06-27,22.89527029738194,1.5655746032352638
2019-06-28,21.833037335306642,1.5042383633009602
2019-07-01,21.339252011193697,1.4760951743956257
2019-07-02,18.51818333236166,1.529583895365903
2019-07-03,18.165609476720547,1.482701497889878
2019-07-05,17.986941777914563,1.4519892106796457
2019-07-08,18.32687472997121,1.4022922496582404
2019-07-09,17.987288542531616,1.5012156084475488
2019-07-10,17.881872295535395,1.4583068844410174
2019-07-11,18.102449384818748,1.4398972922001672
2019-07-12,18.195366572300333,1.4092465324553933
2019-07-15,17.989489585396633,1.3839078418860482
2019-07-16,18.104190840642843,1.3715717843206636
2019-07-17,16.588659310794363,1.3342924120053088
2019-07-18,16.88274901734442,1.3083121877430126
2019-07-19,17.742992631659213,1.3201917568708275
2019-07-22,19.26480655342397,1.3650435615235903
2019-07-23,19.330779445354217,1.4956658281353612
2019-07-24,18.21481533447048,1.4610481453667694
2019-07-25,17.289517554275253,1.4103831596545864
2019-07-26,17.28131115172254,1.3864301761092896
2019-07-29,16.944731543407677,1.3475461097817003
2019-07-30,16.112871990548463,1.33946979788679
2019-07-31,17.35328922762605,1.3080822482310943
2019-08-01,19.21930883630517,1.4170069313357712
2019-08-02,20.795295415015282,1.5270658952427631
2019-08-05,27.398717362372345,1.6101356393034911
2019-08-06,28.232522844248614,2.263373301641194
2019-08-07,28.25667203691334,2.2159770622606856
2019-08-08,29.272888609687538,2.1199244509515562
2019-08-09,29.296474736252726,2.117413310760448
2019-08-12,29.07577802066449,2.021969945559808
2019-08-13,32.714156331578636,1.9202461006706166
2019-08-14,34.51635279504916,2.227735092385146
2019-08-15,34.29554929550922,2.3029269949449893
2019-08-16,34.87717034142713,2.1811958819656914
2019-08-19,34.57007347480175,2.185421376840431
2019-08-20,34.475753142954005,2.1448028538872155
2019-08-21,34.65996378621133,2.0309286066898844
2019-08-22,34.504873975315,1.9551820502840906
2019-08-23,38.58658619859226,1.857895188046207
2019-08-26,39.0705196012005,2.291354546262208
2019-08-27,39.239313675989834,2.241286585303192
2019-08-28,38.561679563706505,2.1478500553912676
2019-08-29,38.307461034185884,2.0441037781716846
2019-08-30,37.451271411607365,2.0065274639403006
2019-09-03,31.9960110792368,1.9049713727121707
2019-09-04,31.879427275048272,1.8673449961416384
2019-09-05,32.30685345969819,1.8515464801681794
2019-09-06,31.6007494529609,1.861269986650781
2019-09-09,31.343498204986105,1.772167482854372
2019-09-10,31.408034015639764,1.6962441191999227
2019-09-11,29.96751770426631,1.6620850024823186
2019-09-12,27.337342586787816,1.860171717462462
2019-09-13,28.502046085737927,1.7725050087255343
2019-09-16,27.588458842294312,1.796270387472535
2019-09-17,26.991291908992153,1.7206473589960676
2019-09-18,27.085052042186508,1.648227265021913
2019-09-19,27.185164096951187,1.6047799281111697
2019-09-20,27.811652817059752,1.5599233141907936
2019-09-23,21.08346387920616,1.566108983447218
2019-09-24,20.51203948371838,1.5111543415779807
2019-09-25,20.279726898769095,1.4625639676675035
2019-09-26,20.504541692711257,1.487703791133596
2019-09-27,20.062359323168874,1.44290419152831
2019-09-30,21.333420718625042,1.4019398904140659
2019-10-01,20.23072184202147,1.5344007880539186
2019-10-02,22.23949750955412,1.4785653143213806
2019-10-03,21.45159789011814,1.6258800592960243
2019-10-04,23.316459239011966,1.580237291566335
2019-10-07,23.334461424530534,1.7396495436902304
2019-10-08,23.647186969576435,1.6616800648207364
2019-10-09,21.302556441259814,1.6318289681337217
2019-10-10,21.728415425669798,1.6046038177359767
2019-10-11,21.898782816394412,1.593607219741063
2019-10-14,21.970365489703696,1.7297200761938205
2019-10-15,22.06767390654683,1.6532554644287962
2019-10-16,22.0859519529248,1.585033622507855
2019-10-17,21.723074101122965,1.5268465172247063
2019-10-18,20.6734897765519,1.4741460397160164
2019-10-21,21.18946564443167,1.4295451062487285
2019-10-22,21.059794281055492,1.4797326060026623
2019-10-23,20.94351852495907,1.4286781597385345
2019-10-24,20.651952056854903,1.4407504136117693
2019-10-25,20.4461764337889,1.3928673081361675
2019-10-28,19.476573416460752,1.4006648355595892
2019-10-29,21.982647595170523,1.3902924154606646
2019-10-30,19.150052496935967,1.527168974789824
2019-10-31,20.07115044399282,1.4696096376239938
2019-11-01,20.120089067552865,1.5759564431467452
2019-11-04,20.005122275980778,1.7414222707975835
2019-11-05,19.081096597154776,1.675426449692904
2019-11-06,19.119060657134316,1.6040790086632675
2019-11-07,19.036161487886908,1.5390129290724948
2019-11-08,17.51201126689056,1.5218078505859227
2019-11-11,17.37123316043293,1.4671914479059789
2019-11-12,17.294132287066162,1.4363318370410056
2019-11-13,16.967500201426912,1.3882729607314246
2019-11-14,17.58662034436809,1.3765920867210388
2019-11-15,17.717093178321477,1.3515049425980263
2019-11-18,17.216941401092985,1.3614966133673103
2019-11-19,17.263190298527476,1.3300596878623152
2019-11-20,18.001441239355177,1.2963529400115683
2019-11-21,18.242865247397607,1.3133688187369437
2019-11-22,18.0305825822326,1.2855695109120124
2019-11-25,18.586438320419852,1.2536759188041773
2019-11-26,16.275325051286288,1.3367529916249907
2019-11-27,16.49155408534989,1.3211560964338576
2019-11-29,15.318375961404515,1.349046873038933
2019-12-02,13.324927809689685,1.3116673926744642
2019-12-03,14.907158640882134,1.3258120866589271
2019-12-04,15.167985508148357,1.403040127431229
2019-12-05,15.904639522143071,1.3848225870704445
2019-12-06,16.736451599606923,1.4147325498567125
2019-12-09,17.694847677345393,1.4898951638982383
2019-12-10,17.60781517629536,1.5001848176983243
2019-12-11,17.774991954388547,1.4564058220025498
2019-12-12,17.535441801935296,1.4300785540529772
2019-12-13,17.760359973202515,1.384598331940017
2019-12-16,18.21482375005312,1.4045263206993386
2019-12-17,18.192745602664118,1.4563739348385065
2019-12-18,18.168466850698138,1.4072625086858241
2019-12-19,17.397180076574685,1.3639321887344062
2019-12-20,17.27789075710128,1.3235574863195636
2019-12-23,17.795109498707873,1.2887655797819786
2019-12-24,17.107850266282693,1.351374667819196
2019-12-26,17.521423760683234,1.3123141732700923
2019-12-27,17.291546129961624,1.4130316614627136
2019-12-30,17.148482413716298,1.3671588169199063
2019-12-31,16.093125708206713,1.3385249472105114
2020-01-02,14.687962761947896,1.319680501639098
2020-01-03,15.871275906864044,1.4594204684130987
2020-01-06,15.590500733466639,1.4404201028849646
2020-01-07,15.2323104367244,1.412920636466965
2020-01-08,13.951009950380246,1.3746853936255061
2020-01-09,14.883541511209414,1.4203941695580382
2020-01-10,14.972099840748673,1.5183574140185598
2020-01-13,15.705129586578877,1.46332364244332
2020-01-14,17.25721537922488,1.5548264908018319
2020-01-15,17.178963681389764,1.5519742010215636
2020-01-16,17.309139473311255,1.497791361905717
2020-01-17,17.11494719117752,1.4931494679662884
2020-01-21,17.664047050646005,1.4783484866473782
2020-01-22,17.428428535877224,1.4409715099414948
2020-01-23,17.046209840317978,1.3964586076647947
2020-01-24,17.24559342775827,1.360332146657902
2020-01-27,20.55159645711413,1.3229689480208489
2020-01-28,22.280234233581652,1.5808384473857762
2020-01-29,23.004293409047197,1.7439024985271625
2020-01-30,23.11481067121492,1.7833573723391392
2020-01-31,28.235298008920363,1.701921403594823
2020-02-03,27.972362016193774,2.1439001909763533
2020-02-04,29.966038072825913,2.0318650065649613
2020-02-05,29.86943420429714,2.171405241751735
2020-02-06,29.67311097891585,2.0704110898247214
2020-02-07,29.513142445864833,1.9952563071329767
2020-02-10,29.531706049494716,1.940520655621561
2020-02-11,28.748391442920518,1.8501004212127088
2020-02-12,29.336747671424167,1.771816711727661
2020-02-13,29.44018305734516,1.8386463536535917
2020-02-14,29.196906039499222,1.765335074328447
2020-02-18,29.81111680803848,1.6849900585164306
2020-02-19,30.101725234976335,1.709490390586237
2020-02-20,30.360280470825852,1.693161862619481
2020-02-21,31.416322685532204,1.6503239794848357
2020-02-24,35.71648631923887,1.7306510453635702
2020-02-25,36.2079171208466,2.2308661472317826
2020-02-26,35.05388051559231,2.361219433590548
2020-02-27,40.40882265084891,2.281256444291965
2020-02-28,40.42971542455206,2.995924947281532
2020-03-02,50.901772656679064,2.813505705143521
2020-03-03,52.05298921251861,3.808045523834424
2020-03-04,53.402168115042116,3.6999024515946206
2020-03-05,54.30557219553207,3.7344588881626866
2020-03-06,54.04340828975178,3.6402870902016486
2020-03-09,60.49501311388708,3.4335919895502363
2020-03-10,66.54848825949156,4.096616362618894
2020-03-11,67.36061369841272,4.38853143829856
2020-03-12,74.4252917817613,4.243631676677351
2020-03-13,87.03676539867654,5.096982988784344
2020-03-16,98.38228444173835,5.896837662740704
2020-03-17,100.46899171132249,6.944314775360345
2020-03-18,100.08598018550512,6.608569515890314
2020-03-19,100.10163435875823,6.209595748493482
2020-03-20,101.76957341331342,5.796772616060355
2020-03-23,101.05226945374646,5.772874369619654
2020-03-24,107.91117886463202,5.426723663900398
2020-03-25,107.56157310333253,5.857430370217312
2020-03-26,107.21639998114667,5.467505464074675
2020-03-27,108.1182288456408,5.341298572460951
2020-03-30,103.14800264441712,5.152669234319113
2020-03-31,102.76048662332933,4.88791128411043
2020-04-01,102.17094162438151,4.565381747620825
2020-04-02,102.29759715333373,4.57861744096452
2020-04-03,102.30469804365237,4.3082873066339085
2020-04-06,103.47619745457837,4.052036746242417
2020-04-07,100.12512854603075,4.58137870679056
2020-04-08,99.9809973325754,4.295630740948673
2020-04-09,92.4021638345056,4.090360239792646
2020-04-13,83.22821687935618,3.8319402390972908
2020-04-14,67.41182419813215,3.63577141574937
2020-04-15,66.40363460832184,3.7269956744833115
2020-04-16,65.40767694350494,3.5004836974138915
2020-04-17,65.62575587756373,3.28857122349526
2020-04-20,60.79363488045634,3.11217722960238
2020-04-21,61.560455563773765,2.991206097406234
2020-04-22,53.04701506108751,2.9706155016638203
2020-04-23,53.004582778033516,2.9237376308456176
2020-04-24,50.980157002024484,2.7494610107992985
2020-04-27,47.93690786298283,2.730507452358365
2020-04-28,47.89669291052479,2.568877330526964
2020-04-29,48.82198566597234,2.4717307605586094
2020-04-30,43.5187894533135,2.534026294822953
2020-05-01,44.40341785888718,2.4728894531264594
2020-05-04,43.611543984788945,2.384683044039244
2020-05-05,33.9012125650099,2.291934673749012
2020-05-06,33.250684983418395,2.213683460623614
2020-05-07,32.59972001927987,2.1176738327197735
2020-05-08,33.14845758412793,2.030956899193113
2020-05-11,32.99223724596184,2.0583379984756456
2020-05-12,29.603426391845332,2.0101301192735894
2020-05-13,29.800128605404414,1.9403537132047626
2020-05-14,29.776171710351168,1.881695592099403
2020-05-15,29.291494283257453,1.8006454929892064
2020-05-18,28.41532384079693,1.726708522799179
2020-05-19,25.142953776891208,1.7988386047972091
2020-05-20,24.34937727954821,1.7246431139918665
2020-05-21,24.602707868381028,1.7514023876824187
2020-05-22,23.286806829667473,1.6881085438455516
2020-05-26,23.66694451880306,1.6269818344155749
2020-05-27,22.201228320592904,1.5736080529983134
2020-05-28,20.122244460169604,1.5173632995734385
2020-05-29,19.340633703509827,1.4608410149984137
2020-06-01,17.965186342361594,1.41029331172032
2020-06-02,17.679950822672847,1.4155420073522014
2020-06-03,17.295071830682414,1.3767143960698076
2020-06-04,17.76498252824669,1.3452675156517273
2020-06-05,19.67159635651471,1.3333750842948924
2020-06-08,18.36331592798787,1.5576479265167715
2020-06-09,20.4108173542687,1.5080134151206663
2020-06-10,20.79827155441052,1.7391522798038854
2020-06-11,28.04188132627996,1.8359408703225752
2020-06-12,28.0758426489586,2.313390172936095
2020-06-15,27.921275412726377,2.20132421540574
2020-06-16,28.18206554760105,2.1167338167861276
2020-06-17,27.989249711678582,2.1607700050558
2020-06-18,27.583120595877038,2.045988366803975
2020-06-19,27.486074591777985,1.9406273867684314
2020-06-22,28.47079864321677,1.8528549530912346
2020-06-23,28.543299506377835,1.935241528958792
2020-06-24,29.898844920404166,1.950967793494821
2020-06-25,29.915914296186674,1.9331819280457687
2020-06-26,32.75258168716786,1.8819365882155576
2020-06-29,33.25853247803888,2.032202985083962
2020-06-30,33.266283882136804,2.0515338652314905
2020-07-01,33.385275203291684,1.9624001276776102
2020-07-02,33.0327820581325,1.865205005729136
2020-07-06,32.88918984004679,1.7757460037507258
2020-07-07,33.048286942637695,1.8790964420749898
2020-07-08,32.338263794708546,1.790945291500338
2020-07-09,31.44121681479472,1.8493196370876377
2020-07-10,24.39729365000375,1.7662351965555063
2020-07-13,24.706739858886408,1.686647906802531
2020-07-14,24.88882764662855,1.6198899565352443
2020-07-15,23.7526399153126,1.6332915936924184
2020-07-16,24.46850666505292,1.579497212973493
2020-07-17,24.53966842234076,1.5638925390948433
2020-07-20,24.873373097924,1.503981246260069
2020-07-21,24.645806356152487,1.584519819059966
2020-07-22,23.791422976793818,1.580271822158284
2020-07-23,28.79406151719783,1.5199208948201441
2020-07-24,28.48946876829232,2.0483208740200114
2020-07-27,26.914301687405462,1.9442182009687088
2020-07-28,26.79805498146418,1.9833369710377868
2020-07-29,27.417178381802408,1.9511505082587972
2020-07-30,27.59551872921041,1.9439228064565812
2020-07-31,44.01922034407916,1.884156422687022
2020-08-03,43.937317494021535,3.5499041348150393
2020-08-04,43.75624722293046,3.412285430841156
2020-08-05,43.422244797250066,3.2045434236399926
2020-08-06,44.45148552498349,3.008088569542584
2020-08-07,45.8103581970873,3.0153721496664043
2020-08-10,45.64375024436742,2.9184979286581703
2020-08-11,47.51720817601217,2.777755036799873
2020-08-12,48.45028440974498,2.7725941610498097
2020-08-13,47.99566985872325,2.7949066960560014
2020-08-14,47.96335765438976,2.6829782811916356
2020-08-17,47.91151957488313,2.5251708049299535
2020-08-18,47.22517708392513,2.381203270449452
2020-08-19,47.254700419380605,2.2620519010891975
2020-08-20,42.64423085805513,2.138650142881028
2020-08-21,44.3125544573682,2.1349346360160686
2020-08-24,44.204901706710906,2.5453994668376367
2020-08-25,43.52859224626523,2.4261858758464525
2020-08-26,43.499963119973,2.3028856719780757
2020-08-27,44.500128271580834,2.215085813296042
2020-08-28,30.85567957832757,2.127701002380254
2020-08-31,31.602404480494954,2.0159000272577945
2020-09-01,33.38664535166881,2.1709914524651768
2020-09-02,35.11919734303893,2.3806120679418563
2020-09-03,46.781945195981464,2.337582683285251
2020-09-04,45.776876719111456,3.386359844373059
2020-09-08,52.53028391733003,3.1740903491123773
2020-09-09,52.998317665159064,3.669305362196465
2020-09-10,53.34465039388078,3.6404178900746103
2020-09-11,53.13618989632919,3.5586942809680604
2020-09-14,54.25676333120549,3.3580938218028895
2020-09-15,54.2483095373959,3.2766828766419507
2020-09-16,55.20131703623608,3.07304227081399
2020-09-17,55.42915872846829,3.028340091618886
2020-09-18,55.61219190228008,2.8861577185229055
2020-09-21,53.34768881156641,2.8879064516505286
2020-09-22,53.529292712759634,2.8653098199373854
2020-09-23,55.11487052069294,2.735410376047985
2020-09-24,54.95948265240291,2.8914849523251918
2020-09-25,57.15496222698163,2.7352502787895414
2020-09-28,58.06748813908822,2.8116879245679796
2020-09-29,56.357955998692724,2.7414142805222736
2020-09-30,54.40919023145088,2.58940358326487
2020-10-01,54.435869834751585,2.4819963694677676
2020-10-02,47.377584372410894,2.354484886009096
2020-10-05,48.85871073859031,2.4416379408065065
2020-10-06,43.18548066514932,2.4849723124425966
2020-10-07,41.19754070884623,2.5080686181641427
2020-10-08,39.403058519290624,2.4201518540314617
2020-10-09,39.465118669524735,2.2835404525400214
2020-10-12,43.81090689054219,2.222298827391725
2020-10-13,45.144668680339485,2.830080542309437
2020-10-14,43.516577604325846,2.7861903186438255
2020-10-15,42.987962676382786,2.620176463614814
2020-10-16,41.38522724852765,2.470242350155199
2020-10-19,41.74167038092326,2.369425017294947
2020-10-20,41.64826967220788,2.3742629701120506
2020-10-21,38.223862293491415,2.277218118245525
2020-10-22,38.4686513508372,2.158755224488944
2020-10-23,36.48352493851622,2.0650668762037325
2020-10-26,35.512789607841256,1.9671516037919656
2020-10-27,35.69483680541566,1.8686301166396397
2020-10-28,39.177208129111726,1.8259096448124634
2020-10-29,41.36250791212695,2.270874812594279
2020-10-30,44.727756370442265,2.4208073802633443
2020-11-02,43.090045090971344,2.891964466076947
2020-11-03,42.45765333764511,2.7176845962130893
2020-11-04,44.514069358688374,2.5996099135650828
2020-11-05,46.2033105076533,2.7406558752780787
2020-11-06,45.84418408382535,2.792615593875441
2020-11-09,40.323586418333505,2.626229535084283
2020-11-10,39.34797790620281,2.5494990896636613
2020-11-11,40.953731950117685,2.4040005284857155
2020-11-12,40.94018518333001,2.4480259237806914
2020-11-13,40.62552757569628,2.310080053741999
2020-11-16,39.52226872560238,2.1823737192607453
2020-11-17,39.427754226974024,2.082525430520804
2020-11-18,39.61264098037332,1.987755549982849
2020-11-19,39.45456139257879,1.9200682016820187
2020-11-20,39.614236187483534,1.832583210734334
2020-11-23,41.143229283500304,1.7786833337537058
2020-11-24,41.06577809663749,1.9347936730374342
2020-11-25,37.192419261089796,1.873023058743671
2020-11-27,34.967446266304556,1.7974991338959825
2020-11-30,28.02979940981043,1.7205731626095913
2020-12-01,29.388194733072275,1.7654425111989926
2020-12-02,29.20594490085533,1.9267603494924366
2020-12-03,26.25922047177226,1.8340197741764448
2020-12-04,23.63371440847097,1.74772754359858
2020-12-07,23.914496001355356,1.6779570529345709
2020-12-08,22.431157130585134,1.6490286114889667
2020-12-09,23.980408047727575,1.587291694195852
2020-12-10,22.018835544980515,1.656671949690205
2020-12-11,22.177347969362042,1.6283301959476237
2020-12-14,22.29565707246352,1.5746577604744347
2020-12-15,27.965645223795686,1.5207141303893315
2020-12-16,27.720588738858375,2.098769014137996
2020-12-17,27.1760486561498,1.9888951856045065
2020-12-18,28.109924859631768,1.9004995555702235
2020-12-21,27.754945525524032,1.8735439336249682
2020-12-22,25.745141722058808,1.8231820633236189
2020-12-23,26.1827733010341,1.9403464511515471
2020-12-24,26.18416752938409,1.8567260376073995
2020-12-28,28.079249612659613,1.7837672442723362
2020-12-29,28.617796466281455,2.0162266971156084
2020-12-30,27.58268278258568,1.9573637125043872
2020-12-31,27.91023809139172,1.8782790063657904
2021-01-04,29.69750018174481,1.8034122626517675
2021-01-05,29.722884289039296,1.8841786589941496
2021-01-06,32.365898652102196,1.8324544993753529
2021-01-07,34.34356943598722,2.039264460801099
2021-01-08,33.226962388926005,2.192767192533781
2021-01-11,34.47192878427533,2.0916166761636856
2021-01-12,34.337849737664904,2.1103190663637705
2021-01-13,34.5337410873104,1.9998464916773508
2021-01-14,30.669888874814127,1.9620133907759534
2021-01-15,31.08373646239782,1.922056594661841
2021-01-19,31.041507926977147,1.876387520946309
2021-01-20,32.514600825503514,1.7936735881490027
2021-01-21,34.528577714021125,1.9789283590389297
2021-01-22,33.62996435151531,2.1816153114856784
2021-01-25,34.51693428398232,2.12213008403074
2021-01-26,34.506300010029605,2.1787622307050794
2021-01-27,32.693644063442385,2.0626546282894282
2021-01-28,34.947517072110365,1.9701663443480033
2021-01-29,37.48499870973233,2.1686359545505107
2021-02-01,37.85741281839279,2.3645539472071526
2021-02-02,36.66533888916053,2.288545783636585
2021-02-03,36.61941595798858,2.1713068041227532
2021-02-04,35.07332660502859,2.0691828596257813
2021-02-05,33.36080534927995,2.1121126966649277
2021-02-08,33.277957158754404,2.0033018732352406
2021-02-09,32.0850485879864,1.9019111541325604
2021-02-10,32.158807618896326,1.8205138851665505
2021-02-11,31.787471185249476,1.7407829549164149
2021-02-12,31.15431474620376,1.6637464784865117
2021-02-16,31.333187822612935,1.5938322826199707
2021-02-17,32.110947100620336,1.609220121964197
2021-02-18,30.07988849888029,1.637920753978649
2021-02-19,26.787747035563562,1.5920695232781592
2021-02-22,27.56511468779701,1.5285844959055754
2021-02-23,24.881698212432067,1.7407210997129845
2021-02-24,24.72110241081551,1.6629902686299334
2021-02-25,26.76085114693661,1.597107688862166
2021-02-26,24.87822978918846,1.8803856083326684
2021-03-01,29.700251459617398,1.7908774931663636
2021-03-02,29.682904739138444,2.3501098673456453
2021-03-03,30.37460917123217,2.312226774762835
2021-03-04,30.61189096045702,2.313385538977873
2021-03-05,29.051688654825547,2.2397274885629845
2021-03-08,31.76190728722786,2.1431977630153414
2021-03-09,35.94848578977103,2.4154722641029025
2021-03-10,35.96484955313296,2.587952619049302
2021-03-11,36.85311380613686,2.453993986548318
2021-03-12,36.84118712612851,2.3686085164736825
2021-03-15,38.258159841457385,2.248405121607779
2021-03-16,38.44622503621278,2.2520777908311285
2021-03-17,38.07411331436667,2.1645231908633984
2021-03-18,39.7082770739798,2.058629275563344
2021-03-19,39.6664992487956,2.2220490463382956
2021-03-22,39.92762140519665,2.106185670951965
2021-03-23,39.981933650877664,2.172961911336574
2021-03-24,40.53417026965205,2.067669525763022
2021-03-25,38.61602126979219,2.056551044573597
2021-03-26,38.65356285816292,1.9544247539790116
2021-03-29,33.346614581460805,1.8637152601666833
2021-03-30,32.841430331668406,1.7749778632714368
2021-03-31,32.48275262570106,1.7358450231030087
2021-04-01,32.00190336469206,1.7541379919289086
2021-04-05,32.80256838667764,1.6883497013323765
2021-04-06,28.309179508698662,1.7672085455126485
2021-04-07,25.263402017265747,1.688370802294622
2021-04-08,25.4818615408388,1.6662466463412704
2021-04-09,25.74809668491317,1.6994775541817972
2021-04-12,26.173055081960488,1.7384139175368658
2021-04-13,26.15813556698011,1.7103950939078525
2021-04-14,27.067984693520746,1.7943909186896219
2021-04-15,27.420834055686317,1.7989030518528863
2021-04-16,23.586157732570896,1.8077947514350061
2021-04-19,23.299223239169507,1.7252955334319824
2021-04-20,22.662192567286148,1.6559730219194064
2021-04-21,22.312252138696465,1.6348899172787497
2021-04-22,21.26027838650127,1.569380714101389
2021-04-23,21.765206977309344,1.5504259439314179
2021-04-26,21.782093843670218,1.5888399346892592
2021-04-27,21.917577490036315,1.5279412222735045
2021-04-28,21.35938727276261,1.472235958414643
2021-04-29,20.87311656448712,1.4323371412343722
2021-04-30,21.976944338256942,1.3845975267674593
2021-05-03,20.776485575421358,1.4213612977649057
2021-05-04,24.888133164799914,1.3974387713890244
2021-05-05,24.444797301156164,1.749310820921565
2021-05-06,23.89014768616599,1.6715121371517412
2021-05-07,22.777120554110265,1.6471199086123034
2021-05-10,24.114399134869345,1.5863033695056918
2021-05-11,22.1878503430299,1.722343320366423
2021-05-12,22.964743389744203,1.661809821305031
2021-05-13,22.867433031012734,1.7707926911399776
2021-05-14,24.31342809749692,1.7761123143794901
2021-05-17,24.257247677398798,1.7994044833390743
2021-05-18,24.17861104121213,1.7396227896714969
2021-05-19,24.085054114826423,1.6976954553794732
2021-05-20,25.31460547181204,1.6241146155612325
2021-05-21,24.614979064317165,1.6834157673246222
2021-05-24,25.22520310294957,1.6745010633639479
2021-05-25,25.228851620155595,1.6535063238396794
2021-05-26,25.2116627334109,1.5843730901000392
2021-05-27,25.445120287809342,1.5212158543697638
2021-05-28,25.057315462807694,1.513567572440446
2021-06-01,24.73254705757958,1.4666748584749338
2021-06-02,21.633827932280486,1.4175626533098937
2021-06-03,21.958719463458635,1.3846171686235318
2021-06-04,22.591473622804187,1.3934567238277713
2021-06-07,22.46055206027353,1.46889085843989
2021-06-08,20.668818610488785,1.4172039605862488
2021-06-09,20.506172732278102,1.3860347015410366
2021-06-10,18.44873994968126,1.3462748410419416
2021-06-11,17.709676624111225,1.3307317548429405
2021-06-14,18.420382357085938,1.3281592222646956
2021-06-15,18.232613681548752,1.491875075565763
2021-06-16,17.625194622262423,1.4515238839575435
2021-06-17,17.954125615071707,1.406811353090235
2021-06-18,17.176226323208972,1.4150169803244503
2021-06-21,16.636956100168565,1.4040229437468206
2021-06-22,16.587073101124012,1.4257462532622742
2021-06-23,16.60547767319781,1.4321417752539853
2021-06-24,16.660026107062347,1.385726351002493
2021-06-25,15.815942503186648,1.3443369313603546
2021-06-28,15.8272716333671,1.3075457619225201
2021-06-29,15.841019077848792,1.3294920384894793
2021-06-30,15.829335242418828,1.3395151808565797
2021-07-01,14.579143997033059,1.3091191874992836
2021-07-02,14.649898431814382,1.276226558208806
2021-07-06,14.869851729324242,1.3809010240055055
2021-07-07,15.447242395296074,1.4118652398123612
2021-07-08,16.406911257225584,1.471745251168257
2021-07-09,15.706283710530917,1.4479699492471183
2021-07-12,16.158508250782987,1.4542667784119891
2021-07-13,14.7249750751875,1.4100460127869987
2021-07-14,15.372047446996284,1.3857001980889505
2021-07-15,15.87903857689168,1.5296255823135454
2021-07-16,17.318512289672608,1.4783223181975225
2021-07-19,20.172983395733734,1.4909197385426862
2021-07-20,21.299611348527613,1.6642837191774875
2021-07-21,21.387618511701355,1.7780652008015232
2021-07-22,21.34150310439154,1.7039015168274445
2021-07-23,21.328112105965406,1.6557286627589165
2021-07-26,21.1616126733143,1.6274994197663102
2021-07-27,22.207166455386538,1.562649141359259
2021-07-28,22.778401076813832,1.5710309244042193
2021-07-29,22.777802228557807,1.5556540723596652
2021-07-30,22.782914830234283,1.5017838969195374
2021-08-02,22.004498947879224,1.4475076060704397
2021-08-03,21.859851386664307,1.399853092850352
2021-08-04,21.074731977866563,1.4093878126316475
2021-08-05,20.73799428232806,1.3665380337791337
2021-08-06,20.368787825693552,1.3257263841893454
2021-08-09,20.298026437760743,1.2974777229834087
2021-08-10,20.15768586114088,1.2640148866544236
2021-08-11,18.129361767318056,1.2385666216471103
2021-08-12,19.616450889707416,1.21292851870449
2021-08-13,18.86596925709981,1.3468620182814408
2021-08-16,16.10857884137674,1.3086811619312677
2021-08-17,14.006476181490942,1.3395500734178591
2021-08-18,16.91831050244366,1.3152296330100253
2021-08-19,16.588926927208806,1.5065515287226618
2021-08-20,16.428531285994204,1.452806454133295
2021-08-23,16.803068564251166,1.436817341024374
2021-08-24,15.808676498826898,1.423493787798283
2021-08-25,15.436484905831344,1.3766047993639172
2021-08-26,15.563778814339512,1.359660106636777
2021-08-27,15.729958276171253,1.3303617625126902
2021-08-30,18.715160748157235,1.3118782193856797
2021-08-31,18.72145576712202,1.5749178553971768
2021-09-01,18.674677399122917,1.5348773838365457
2021-09-02,18.769511649241217,1.4829352679302403
2021-09-03,18.592495050537725,1.4480658258462917
2021-09-07,19.079843023043136,1.4045310053524145
2021-09-08,19.548830518347767,1.4394313808544175
2021-09-09,19.859504082233208,1.4253053493282928
2021-09-10,22.55005201359818,1.3935669043335197
2021-09-13,22.587287945216584,1.7013740777032154
2021-09-14,22.266715763931163,1.6313560053968954
2021-09-15,22.315822139077294,1.5913107286324508
2021-09-16,20.20982029318528,1.5390135133314635
2021-09-17,21.327867906060437,1.4811018878158553
2021-09-20,22.24115178743996,1.5376644401987016
2021-09-21,21.882835611678757,1.6214484216805616
2021-09-22,22.886702116805573,1.5582086012114054
2021-09-23,22.888186623403435,1.5836089509297506
2021-09-24,22.813150700690635,1.534379441674213
2021-09-27,22.92329305111456,1.4762179828352586
2021-09-28,21.171453389258637,1.4607133764822386
2021-09-29,21.397341786949593,1.592856910526216
2021-09-30,21.315135379252954,1.5417025219673
2021-10-01,21.361400920854273,1.5103842826703469
2021-10-04,22.40387130296803,1.4756712269959829
2021-10-05,22.248688983360722,1.616635015318363
2021-10-06,22.531005231263407,1.609534920371405
2021-10-07,23.006814813657574,1.555959385402937
2021-10-08,20.085453693291242,1.521214400932629
2021-10-11,19.97119860245978,1.4666448509373897
2021-10-12,19.949378982682695,1.415317764012693
2021-10-13,19.70791296801873,1.3977752294674786
2021-10-14,21.31217367050948,1.3597539543115964
2021-10-15,20.579870149471002,1.456253788238357
2021-10-18,19.39864724142638,1.4245978546444427
2021-10-19,19.994121597536,1.4240335240331095
2021-10-20,19.220138986527004,1.4519558753896544
2021-10-21,19.109518907966848,1.4057975940075758
2021-10-22,19.235877104673353,1.3613867884700428
2021-10-25,18.782518312123564,1.3309530827352072
2021-10-26,16.269147374947153,1.2938168689220015
2021-10-27,16.32001447702326,1.2685160738751573
2021-10-28,17.58487096248957,1.24203426352556
2021-10-29,19.152731825498943,1.432701960610143
2021-11-01,16.54446286835735,1.495120117841599
2021-11-02,16.12924590298057,1.4511246417815056
2021-11-03,16.26740073396908,1.4181430587217871
2021-11-04,16.28289365024875,1.4041237621053577
2021-11-05,16.162350732174335,1.3634064914050759
2021-11-08,16.399616465086396,1.3272989058060929
2021-11-09,15.796556121907182,1.3018441673595025
2021-11-10,17.559023677479384,1.2701063332979232
2021-11-11,16.306802668409894,1.37523010028214
2021-11-12,16.80485686735801,1.3333328580826942
2021-11-15,16.39705895439835,1.367935318060642
2021-11-16,15.725007802193788,1.3267761873728676
2021-11-17,16.652702095841494,1.3061566763148638
2021-11-18,19.15492241630028,1.367665782833362
2021-11-19,19.520830319200343,1.5840945152759867
2021-11-22,19.460986421471542,1.6067098789532155
2021-11-23,19.468698892931815,1.543955624402434
2021-11-24,19.289834800303044,1.4865885934228042
2021-11-26,21.72448910528883,1.436646990604548
2021-11-29,21.53219679021762,1.7054563388138793
2021-11-30,23.349148503601217,1.761373326967099
2021-12-01,23.528696743203447,1.934502204715375
2021-12-02,23.75733254406196,1.8415131660736177
2021-12-03,24.27955370825552,1.764366431193262
2021-12-06,25.0813959173862,1.7227555921149482
2021-12-07,26.97231812965417,1.771740836406477
2021-12-08,27.512952229232994,2.0019227793368692
2021-12-09,25.96719389678207,2.0228468569072167
2021-12-10,26.625367036589626,1.921635968181746
2021-12-13,28.669008713639176,2.0152535067203656
2021-12-14,29.105830652552534,2.0176745616272873
2021-12-15,30.004129612420545,1.9307130526511083
2021-12-16,34.423659623272115,2.029037023995061
2021-12-17,33.625898827008754,2.2859026106750022
2021-12-20,33.534273332684116,2.1694721622022493
2021-12-21,34.019398327750636,2.068781697050473
2021-12-22,34.263034621898974,2.045886437557305
2021-12-23,34.261956512237525,1.9960909877489112
2021-12-27,31.985833876535004,1.898333265448481
2021-12-28,31.800537013230578,1.9364639193269508
2021-12-29,30.372351538779508,1.8492328784848666
2021-12-30,30.50388720214495,1.761281153145207
2021-12-31,30.403641448749557,1.693516495137308
2022-01-03,30.640064138568963,1.6235112857515923
2022-01-04,30.75340430027871,1.7321352326052533
2022-01-05,30.402080873618864,1.700888737995228
2022-01-06,29.926135362909605,1.8258889478184268
2022-01-07,29.9225349057913,1.8154631196894846
2022-01-10,28.001229963797325,1.730773038521803
2022-01-11,27.82347491407922,1.653619665947654
2022-01-12,27.68020991170336,1.6644984636499565
2022-01-13,26.45362725371319,1.5955335346388102
2022-01-14,22.386452396935354,1.6413988903823427
2022-01-18,23.31315340179537,1.5804849790603208
2022-01-19,24.332386415099855,1.6272159015824839
2022-01-20,23.348663104507033,1.6913661718721271
2022-01-21,22.638053488100386,1.6492584072683907
2022-01-24,22.462349429890292,1.6285069500608185
2022-01-25,20.160038265389176,1.5682208396265855
2022-01-26,20.25411586827147,1.5472497468155828
2022-01-27,20.1487633620657,1.4877926366399103
2022-01-28,32.929323679450484,1.4370483028663645
2022-01-31,34.39131326586802,2.4973000227833313
2022-02-01,33.04892275566112,2.4843978802088333
2022-02-02,32.945806635234426,2.342560016683948
2022-02-03,32.07746957279247,2.222650478487988
2022-02-04,31.50496587174116,2.1652849201456235
2022-02-07,31.5418096632846,2.050324103454194
2022-02-08,32.210396522138325,1.9489289845936157
2022-02-09,31.79906565982992,1.9357208270492443
2022-02-10,32.92650213245846,1.8574408465747247
2022-02-11,33.01867029949611,1.9152822818700428
2022-02-14,32.95468669232233,1.9267494491192552
2022-02-15,33.29400622365018,1.8323163991524443
2022-02-16,32.269395451347364,1.8825518230087013
2022-02-17,33.06249370968223,1.7920460490735106
2022-02-18,32.88799944385873,1.8327922060828354
2022-02-22,33.54914713455429,1.7700565040188103
2022-02-23,34.65947909608798,1.7774901658930098
2022-02-24,35.141020679613774,1.877948756255619
2022-02-25,35.353198815361665,1.858422652319965
2022-02-28,25.48537653685692,1.8134341272614813
2022-03-01,23.56476581220776,1.7293951582843077
2022-03-02,25.02568484117479,1.6911106380905883
2022-03-03,24.784072029603387,1.7349728658324164
2022-03-04,24.921016959926746,1.65854741162338
2022-03-07,26.0196860959174,1.6879725910417067
2022-03-08,26.16679098126858,1.7757445536872996
2022-03-09,28.5302821044024,1.7325390730387367
2022-03-10,29.38953322148457,1.9647501756455428
2022-03-11,29.4163391254686,2.0501158687886845
2022-03-14,29.94425647828733,2.0820800906618064
2022-03-15,32.34807405502096,2.140395375544229
2022-03-16,33.04026816030984,2.2177073173101127
2022-03-17,33.23750549931906,2.2748444194772404
2022-03-18,33.59421371077522,2.159122369556034
2022-03-21,33.63485892914406,2.141015077259226
2022-03-22,33.774530685153515,2.0442718866485374
2022-03-23,32.22396199017401,2.0398898317934995
2022-03-24,32.6153900782668,1.9514009067253826
2022-03-25,32.42239912273819,1.978505987294236
2022-03-28,32.42708402988274,1.8824826804643788
2022-03-29,32.40020498680132,1.798131190083135
2022-03-30,32.07515894458394,1.8112333791719417
2022-03-31,32.909797562533136,1.7388243755273745
2022-04-01,32.01214842149957,1.7502209153184989
2022-04-04,31.058647019700008,1.6720939947932951
2022-04-05,31.71107317202413,1.7551949433159484
2022-04-06,30.831980277728015,1.7760947640375742
2022-04-07,28.7036332312246,1.7890135106366343
2022-04-08,27.402913293072086,1.7073745748799896
2022-04-11,27.240433405175857,1.6735184915566503
2022-04-12,25.81660741534731,1.7883502159739222
2022-04-13,24.58933471887552,1.7419248123074438
2022-04-14,27.297232768892847,1.7369052139420997
2022-04-18,26.337839947767865,1.905443785744132
2022-04-19,26.63579566032866,1.8128454804243792
2022-04-20,25.568968517996904,1.7811392175461611
2022-04-21,25.401034264239925,1.6996093318730805
2022-04-22,25.533826765953577,1.6322224220053945
2022-04-25,25.670095119862857,1.7891846654394101
2022-04-26,28.19885597069613,1.7190923566191478
2022-04-27,26.727868766191577,2.0174242567741216
2022-04-28,32.25162384336641,1.9150362486188566
2022-04-29,34.03233680620028,2.272352157285397
2022-05-02,34.106042188134474,2.4350942835187865
2022-05-03,32.91362182653208,2.2978689800307674
2022-05-04,36.250150244738805,2.1910466712922996
2022-05-05,40.826770246230545,2.4141096298326823
2022-05-06,40.900275596585246,2.881076813452228
2022-05-09,42.143837807583004,2.7114140209384225
2022-05-10,42.084792906932215,2.754526647986482
2022-05-11,45.197643346084135,2.6371812708344504
2022-05-12,44.911861809941215,2.9745751217404606
2022-05-13,46.312224394297154,2.9169956400100228
2022-05-16,46.31338607325265,2.906172566493844
2022-05-17,47.11638723859534,2.750555152999927
2022-05-18,50.59388760684557,2.7001270455580424
2022-05-19,50.902661535847514,3.1063337169651395
2022-05-20,50.55342283808969,3.014746711278768
2022-05-23,53.07815652317408,2.8313234859584333
2022-05-24,52.00572924240861,2.9239767920592215
2022-05-25,52.0405250829968,2.8112224381835356
2022-05-26,49.86220310548571,2.643374046257866
2022-05-27,51.038550167253916,2.5867082355654576
2022-05-31,51.01915260471272,2.72899091264791
2022-06-01,50.814639313396235,2.572682805426528
2022-06-02,48.78259210315096,2.42368080801262
2022-06-03,46.56930008288841,2.343437855350208
2022-06-06,46.58156995383664,2.522109941209275
2022-06-07,45.733487170658535,2.3824392617478103
2022-06-08,45.297968983659445,2.3118300305128767
2022-06-09,43.14643877813366,2.189475628756379
2022-06-10,44.31251181966739,2.35842829115632
2022-06-13,44.334979446262565,2.535297458593139
2022-06-14,44.49018468352968,2.674150824814906
2022-06-15,44.06654757375874,2.5252019997909017
2022-06-16,41.62085376279244,2.4574869186614205
2022-06-17,41.19187762229169,2.630886113904821
2022-06-21,42.95854549327805,2.502085482992585
2022-06-22,40.281624149750996,2.558727065533978
2022-06-23,40.64750331010287,2.413583042457766
2022-06-24,41.60432105731394,2.370146046909059
2022-06-27,40.744642572089305,2.3583275709324676
2022-06-28,39.02908279387536,2.2265971768509374
2022-06-29,39.49792663968533,2.302288402240826
2022-06-30,39.83164681801867,2.21133531273991
2022-07-01,39.78801402679263,2.1654491563214266
2022-07-05,38.30873821917455,2.1083769597862787
2022-07-06,38.43811946978316,2.0792966629469594
2022-07-07,38.90212596860059,1.9928636197317044
2022-07-08,38.91475159668715,2.0279559075483524
2022-07-11,36.93904396103853,1.9295554115542277
2022-07-12,33.780865203850446,1.8905468444448075
2022-07-13,30.019666625621465,1.8109830868166805
2022-07-14,30.509982386320367,1.7282028801324034
2022-07-15,30.12691031268157,1.765227791810807
2022-07-18,26.81091219763419,1.7209158335655124
2022-07-19,27.710128008645167,1.7654991646201956
2022-07-20,26.190895914575446,1.8703412013029728
2022-07-21,26.110062263053678,1.827684263392413
2022-07-22,26.043076160730187,1.8015974651653992
2022-07-25,25.42776625144904,1.7360881998529845
2022-07-26,25.79710887578921,1.674105094009169
2022-07-27,24.696432127843394,1.625331458111722
2022-07-28,24.600551062718942,1.871058814142169
2022-07-29,24.50751056564169,1.784449210630643
2022-08-01,24.883666680298315,1.9707467253269493
2022-08-02,25.198473576765835,1.8815199587749414
2022-08-03,27.550882697103674,1.8134710442730944
2022-08-04,27.05120231727501,2.079057645263008
2022-08-05,27.183324411154725,1.9716978576322841
2022-08-08,26.285910801140222,1.8732634273178916
2022-08-09,26.378200809840685,1.7853229245233224
2022-08-10,27.046333235974423,1.7031469498068554
2022-08-11,26.93640737629864,1.812562408498526
2022-08-12,27.398883351647648,1.7332663026510027
2022-08-15,25.372339917614212,1.7797442347105226
2022-08-16,24.624743199881248,1.7091335273515107
2022-08-17,24.515732824845323,1.6342465062221205
2022-08-18,24.503538261289563,1.5891715258508423
2022-08-19,25.15659502952331,1.5271304946827544
2022-08-22,26.808935363225906,1.5423715312672188
2022-08-23,26.459993502210356,1.6474831358162507
2022-08-24,24.19910877955602,1.5794206430485003
2022-08-25,24.53737226951569,1.517701049222712
2022-08-26,26.470369728598186,1.530534156496182
2022-08-29,26.856517129819885,1.8886601727971746
2022-08-30,27.222765116515983,1.8464817882332822
2022-08-31,23.461386408380537,1.821630986664479
2022-09-01,23.607160646549485,1.767013907640352
2022-09-02,23.94267278972791,1.6926760175943483
2022-09-06,24.01575004000373,1.6731105249830105
2022-09-07,24.395164684052155,1.6213667427802239
2022-09-08,22.003389109653845,1.580204809920305
2022-09-09,23.498980956764225,1.5462758784033468
2022-09-12,26.36568782566825,1.5938955748015287
2022-09-13,33.15876004972093,1.9214897139886626
2022-09-14,33.57171098745138,2.6078188803296922
2022-09-15,33.470765609557816,2.4732272054827775
2022-09-16,33.45845750623526,2.4051169209268
2022-09-19,35.160493053303796,2.2947427566553387
2022-09-20,35.21661874017724,2.298383325781031
2022-09-21,35.73400648266444,2.223664859163292
2022-09-22,35.66968108414308,2.1954881330347074
2022-09-23,35.088438518729504,2.086623914769861
2022-09-26,33.032219757646885,2.0325586727190283
2022-09-27,33.029063673003876,1.9295738915775402
2022-09-28,32.90917783110045,1.8453904798724026
2022-09-29,36.91806161695731,1.8008574625238598
2022-09-30,37.80512957113574,2.313238116204956
2022-10-03,39.88912808734573,2.3782592187268574
2022-10-04,41.224270022261614,2.430698899410892
2022-10-05,41.02532399911124,2.421602691741182
2022-10-06,40.97585850758461,2.285554915874193
2022-10-07,41.866208121783984,2.1695125285552717
2022-10-10,38.744934644412524,2.3542044588837974
2022-10-11,33.38457905598752,2.2239925598155343
2022-10-12,32.93941938842227,2.127211557097871
2022-10-13,35.26385538829443,2.0198345190912472
2022-10-14,36.72059487540177,2.1699637374020084
2022-10-17,37.15705164932158,2.2881617397920784
2022-10-18,36.78741501155746,2.335726379352283
2022-10-19,36.32425864465412,2.2246071575508983
2022-10-20,36.306037534723835,2.1041229720854155
2022-10-21,37.4879619904579,1.9962608199227123
2022-10-24,37.8917545527229,2.0656158799647195
2022-10-25,38.460061029358336,2.010041400190065
2022-10-26,38.85633908592822,1.9967349401220205
2022-10-27,36.036928914849874,1.9913447306574383
2022-10-28,42.260235483731705,2.1168827540137927
2022-10-31,41.89184202042199,3.0074926985412738
2022-11-01,41.72917690263284,2.864272071365419
2022-11-02,44.02412804064657,2.7465741732143267
2022-11-03,46.559456416670116,2.836128359754712
2022-11-04,44.67667527683263,2.9809340070738135
2022-11-07,44.69322145575887,2.8002607028159674
2022-11-08,44.565098617406896,2.6357665800615013
2022-11-09,46.16037816241251,2.4848775234350726
2022-11-10,54.29361499414733,2.5627314520342614
2022-11-11,53.068673566683614,3.5649719132528173
2022-11-14,52.44097369711859,3.390438787255728
2022-11-15,52.49277663740381,3.1913008592135412
2022-11-16,52.62633698265976,3.015735794421081
2022-11-17,52.73358891399843,2.8434050363788566
2022-11-18,51.96490364744868,2.7020641318223184
2022-11-21,52.349077394841856,2.5452455562566803
2022-11-22,52.14629741548872,2.491341027449055
2022-11-23,51.688192483639526,2.3910708438553328
2022-11-25,50.93015849551652,2.2639635376453415
2022-11-28,44.166180219226106,2.225000198454294
2022-11-29,44.420773842761896,2.2581174772257286
2022-11-30,47.667159132553834,2.2337374541883697
2022-12-01,45.5935523520232,2.567902400256966
2022-12-02,42.52001447090751,2.4198338776834265
2022-12-05,42.671661442802325,2.2854227158843456
2022-12-06,43.85619692042049,2.1737632398492748
2022-12-07,44.17280380204488,2.2041689185489046
2022-12-08,42.41773373521807,2.128570166347473
2022-12-09,29.172714944756372,2.04995066051235
2022-12-12,28.922544707017018,1.9470894112996606
2022-12-13,28.92091736205538,1.9167697734283833
2022-12-14,28.95691660198643,1.8345304957255086
2022-12-15,33.162474110704785,1.8130381421266217
2022-12-16,32.7071072340918,2.2732472812921967
2022-12-19,32.70282823406516,2.1955784807267738
2022-12-20,32.25925619526658,2.135220052457047
2022-12-21,33.14849920540154,2.022226193085218
2022-12-22,33.52582487285579,2.0509600968507375
2022-12-23,33.18407830955409,2.081272595318819
2022-12-27,32.42772421567554,1.9747128986079237
2022-12-28,33.25207144348782,1.924199887309129
2022-12-29,29.64238984925035,2.065610730840501
2022-12-30,29.66507725209229,2.1388148006811702
2023-01-03,31.65880280501851,2.026869884489616
2023-01-04,32.341991831335235,2.2526911831478693
2023-01-05,31.64909577308208,2.1530051054915385
2023-01-06,34.94860586930961,2.064665201754212
2023-01-09,34.569337822034875,2.251389484804713
2023-01-10,34.717030154226194,2.132230655360662
2023-01-11,35.11585735293254,2.0240562761999112
2023-01-12,34.91451221339552,2.025312480604656
2023-01-13,35.00131511673607,1.921794418921932
2023-01-17,30.889566865012373,1.85335941109762
2023-01-18,30.48504133839342,1.7852405321934268
2023-01-19,29.871643841109965,1.7110874667731895
2023-01-20,30.531748059043483,1.635826674574865
2023-01-23,30.503773289277074,1.6735382183321066
2023-01-24,28.996576937198103,1.7540165222034632
2023-01-25,29.061661949068235,1.7028091102821956
2023-01-26,28.53186270416648,1.6347109648224503
2023-01-27,25.21990107607864,1.630587931382408
2023-01-30,25.795701690920115,1.6179044926951691
2023-01-31,25.817278700024566,1.672284014919719
2023-02-01,20.100240759240766,1.6243050736199878
2023-02-02,22.559073804548103,1.5759467816368822
2023-02-03,21.938540592292043,1.882821328152206
2023-02-06,22.007123218001556,1.939276667706322
2023-02-07,22.305041251339894,1.9254534993911545
2023-02-08,24.178411599540052,1.922296701547327
2023-02-09,24.15346197534204,1.9081423490725768
2023-02-10,24.064968283018732,1.8273457473962131
2023-02-13,24.433302067925283,1.7429436093392734
2023-02-14,24.722272029549522,1.760626916029877
2023-02-15,24.482134810047658,1.6857416984951576
2023-02-16,25.168679862048577,1.6678386954771731
2023-02-17,25.178383462212416,1.6288699357813001
2023-02-21,26.6664519994219,1.5786601127223765
2023-02-22,26.524100460619803,1.72938798899499
2023-02-23,26.396672309434738,1.6547546093907566
2023-02-24,26.98157445861815,1.5879819749463064
2023-02-27,26.715501731533013,1.6237238666008937
2023-02-28,25.6026701779651,1.5770891162434377
2023-03-01,26.045506054292478,1.5183196901961524
2023-03-02,25.93722174389388,1.5268773916584626
2023-03-03,25.59175981431574,1.4748045225445456
2023-03-06,24.952345750321932,1.7747923143174997
2023-03-07,24.648311441363802,1.7854089934554682
2023-03-08,23.83084912846951,1.7614788380554103
2023-03-09,23.58188592389225,1.7009556321517756
2023-03-10,23.97134600013541,1.6910409751615865
2023-03-13,24.456807527751295,1.6738042280379855
2023-03-14,24.03519093694593,1.6525345612371782
2023-03-15,24.013707237947717,1.6402628856563624
2023-03-16,24.42967258389588,1.5737176241272068
2023-03-17,24.203481323741013,1.615438468253917
2023-03-20,24.56578913880478,1.5583315511766618
2023-03-21,22.33802087202217,1.5705448906572326
2023-03-22,22.786385805307322,1.5523045833266336
2023-03-23,22.831398631519786,1.518551667639614
2023-03-24,21.45322147562416,1.4773885509892617
2023-03-27,22.200812883889306,1.4473908149323198
2023-03-28,22.223457301765627,1.4488014478121856
2023-03-29,21.90055563472101,1.4045430429805155
2023-03-30,21.9622301879196,1.487264386439654
2023-03-31,19.519909235299533,1.4653434331441748
2023-04-03,18.862261033881225,1.4925238741459355
2023-04-04,17.78880968820492,1.4576824590467985
2023-04-05,18.57043843808947,1.4107000413487492
2023-04-06,17.244992736738684,1.4090310939091852
2023-04-10,17.56004424202137,1.3739184421567
2023-04-11,17.725856985482853,1.42128070423676
2023-04-12,17.45561324305886,1.3943558721627345
2023-04-13,20.661746907689363,1.3570508894370161
2023-04-14,20.01978804077701,1.6731931684394454
2023-04-17,19.806444934659343,1.6027701675717734
2023-04-18,19.356403443955145,1.5377792166896127
2023-04-19,19.12771998322945,1.496945396921876
2023-04-20,18.8955360512871,1.4581537965262408
2023-04-21,19.331038553540107,1.419079799086366
2023-04-24,19.18332611068081,1.4054581133735022
2023-04-25,18.930809381238998,1.3615534137856276
2023-04-26,18.825192853154434,1.3529024221421024
2023-04-27,20.067976596418088,1.313353343439247
2023-04-28,19.969027708563424,1.54140265488488
2023-05-01,19.35251190089926,1.5003422262724264
2023-05-02,19.383350809410633,1.4455577820356453
2023-05-03,19.50462663392222,1.4092798729253855
2023-05-04,19.397976577332535,1.3782877710671935
2023-05-05,25.17580387715366,1.3707509068112513
2023-05-08,24.22502878593931,1.9386879750476005
2023-05-09,24.384635760995142,1.8427165680724265
2023-05-10,24.331216649866132,1.7821692825605144
2023-05-11,21.697072616185842,1.7299264594932027
2023-05-12,21.820480920343705,1.653190977859864
2023-05-15,21.88584535247105,1.5921460033451569
2023-05-16,21.802868214176037,1.530789041250372
2023-05-17,21.728811157775308,1.4728642469577107
2023-05-18,21.942863025049572,1.4250749026187015
2023-05-19,21.470689879276534,1.4398144979494156
2023-05-22,21.68260848852381,1.3912439487523296
2023-05-23,22.204575356129272,1.3581805108242515
2023-05-24,22.187890760804503,1.399329364382157
2023-05-25,20.13011362528533,1.3557722555612883
2023-05-26,20.519380764656116,1.3318248712393312
2023-05-30,20.73575524829275,1.364416983557334
2023-05-31,20.518976206745126,1.3632543869937384
2023-06-01,20.742810467927697,1.3226222927409943
2023-06-02,20.1043927231343,1.3762132854815539
2023-06-05,13.303442146119732,1.3422015874663316
2023-06-06,13.352348703352193,1.3246146107754633
2023-06-07,13.113858285465227,1.289689551492723
2023-06-08,13.653368856062398,1.2796795485332015
2023-06-09,13.648723097466664,1.3345065190755772
2023-06-12,14.132174254856569,1.2986415139234835
2023-06-13,14.116251242844816,1.3521302501077994
2023-06-14,14.066771038030351,1.315126855610572
2023-06-15,14.33715651237649,1.2841631744252775
2023-06-16,14.225285534012983,1.2981844991089386
2023-06-20,14.228169805308678,1.277466753362923
2023-06-21,14.24331363095164,1.2462760150056418
2023-06-22,13.34285424402407,1.231036576166707
2023-06-23,13.483899755759893,1.306313692135779
2023-06-26,14.065865993884044,1.2729233274007978
2023-06-27,14.163293615158462,1.2638714237859245
2023-06-28,13.957193292250256,1.3170417726386419
2023-06-29,13.906642251701108,1.2960009786266042
2023-06-30,14.918203887566603,1.263865042432712
2023-07-03,15.459008073711287,1.4202158373869265
2023-07-05,15.313403204949557,1.3944378639747552
2023-07-06,15.191796264858734,1.362570531757615
2023-07-07,15.022114476033224,1.3242298238156296
2023-07-10,15.164949493226729,1.3005572254348812
2023-07-11,15.268169741691562,1.3104865105880918
2023-07-12,14.658487036726067,1.2784813808400877
2023-07-13,14.595012765973392,1.277106814540376
2023-07-14,14.58840588554396,1.2520820524097491
2023-07-17,15.241487735188977,1.2239008626069965
2023-07-18,15.009886578228665,1.3098317485830173
2023-07-19,15.08365067718691,1.2756307153634332
2023-07-20,15.488360778922944,1.2633065366810299
2023-07-21,14.849583960718723,1.2725343531835147
2023-07-24,14.838861672407255,1.2562867793033763
2023-07-25,14.462387552061395,1.2342115358720258
2023-07-26,13.69767168258145,1.2157533390951913
2023-07-27,13.884928592179998,1.1996435907319374
2023-07-28,14.565209728203211,1.1946721112411498
2023-07-31,12.254243438491073,1.2434321018577699
2023-08-01,11.992671154043025,1.2198800684543476
2023-08-02,13.153494360957419,1.2024014063541688
2023-08-03,13.399677171140265,1.2737642444448343
2023-08-04,21.949143746093096,1.2633027390198726
2023-08-07,22.40189340178255,1.9532165910060635
2023-08-08,22.578677561877548,1.9316523446097176
2023-08-09,22.294993590087955,1.8434837948895904
2023-08-10,22.14714955196476,1.7776644001847044
2023-08-11,22.136423038853888,1.6965924875429932
2023-08-14,21.331920410813865,1.622669240439461
2023-08-15,21.469000025906286,1.5821282598682123
2023-08-16,21.04459701774397,1.5581814753076446
2023-08-17,21.253218043826532,1.5053376435059707
2023-08-18,21.434210566982696,1.5185374742784816
2023-08-21,21.661647643319736,1.4643940002009217
2023-08-22,21.879875650311558,1.4329268007926514
2023-08-23,23.58833241313388,1.4059698916996268
2023-08-24,24.95597145323811,1.5159562920593876
2023-08-25,24.876439808423783,1.6721608695300856
2023-08-28,25.18689204309147,1.6465468965266021
2023-08-29,26.803392867129393,1.6004503866586082
2023-08-30,27.443676850182385,1.6730606006484208
2023-08-31,27.358210376096547,1.7046319268253627
2023-09-01,20.66256545740453,1.6303184368384434
2023-09-05,19.348687950065393,1.5840374052135684
2023-09-06,23.84661549430188,1.5213634072214066
2023-09-07,26.020152229887493,1.8445853228261797
2023-09-08,26.047011088416998,1.9802742432567118
2023-09-11,26.148429487409558,1.8836550268982994
2023-09-12,26.64283844110788,1.804011907754296
2023-09-13,26.678047969652585,1.7997622901587826
2023-09-14,26.845604969023164,1.7550352309875812
2023-09-15,26.351402600771635,1.6970933630650327
2023-09-18,26.98689986642102,1.6281366347788306
2023-09-19,26.941403042899786,1.6438167370552341
2023-09-20,27.807533050352017,1.5862409025992346
2023-09-21,26.66600989119506,1.644771413303251
2023-09-22,25.12699415301786,1.5995080111620772
2023-09-25,24.8353661089217,1.5423152407158207
2023-09-26,25.840160382574386,1.5004068240439459
2023-09-27,24.32019540545346,1.6187570241122604
2023-09-28,22.891563039443767,1.5763919940789541
2023-09-29,22.965089904228716,1.5146931278489948
2023-10-02,23.542189128856414,1.461376266077262
2023-10-03,23.47633571766262,1.4814700056180967
2023-10-04,20.609287399338356,1.4485272992398088
2023-10-05,18.19465237621326,1.4167576417555836
2023-10-06,18.95442915622017,1.3881048665991886
2023-10-09,19.051417021809574,1.4182812938300622
2023-10-10,18.007917142203876,1.3960410731182644
2023-10-11,17.54847009338516,1.3558434509030237
2023-10-12,17.396705668229554,1.338092031320919
2023-10-13,17.792627159497794,1.3093885626315542
2023-10-16,16.803134970909365,1.313729703112237
2023-10-17,16.940554094090285,1.2786286201532433
2023-10-18,15.522333053304408,1.2764311810748192
2023-10-19,15.182446252891072,1.2660403642494664
2023-10-20,16.002903705204936,1.2378329947720803
2023-10-23,15.739143039228248,1.2939882387579011
2023-10-24,13.259128593046057,1.261048726545929
2023-10-25,13.786491751735323,1.2340910749834033
2023-10-26,16.39573483408201,1.2780131106184285
2023-10-27,16.650896931444603,1.4635335064119497
2023-10-30,16.361586565779522,1.4333572390383849
2023-10-31,16.210103714645633,1.435532059641043
2023-11-01,17.378881314668266,1.3899717017498483
2023-11-02,18.69101598558635,1.4626572216485505
2023-11-03,18.051529225345373,1.5459262151922384
2023-11-06,18.560323436959266,1.4950692114973345
2023-11-07,19.18067339596068,1.5082337894819988
2023-11-08,19.097741958282437,1.518177814342125
2023-11-09,19.068389657945815,1.4726232052906238
2023-11-10,20.194107857071895,1.4228538725694666
2023-11-13,20.533922708864992,1.5466335814877346
2023-11-14,20.58837363191065,1.5106121157630643
2023-11-15,20.22514878749458,1.518780030750211
2023-11-16,20.20523387199415,1.465036003090943
2023-11-17,19.0321910310138,1.4406206113409248
2023-11-20,19.034901915275494,1.3918362773126112
2023-11-21,19.307555832445978,1.3777686621825376
2023-11-22,18.062985200196934,1.3419183643739208
2023-11-24,14.885816692035428,1.308014853689306
2023-11-27,15.107851048549584,1.2915857615187614
2023-11-28,14.96086436834562,1.25906997524116
2023-11-29,15.445738273152473,1.233815607824674
2023-11-30,14.63000913065182,1.2189616055997146
2023-12-01,13.3958253698427,1.1980380999384426
2023-12-04,13.85856666397487,1.1941534365672606
2023-12-05,14.681541303720344,1.2083906001378395
2023-12-06,14.508871027766752,1.3474610505683962
2023-12-07,14.70049388693259,1.3202142519806417
2023-12-08,14.613889982707942,1.321197316805553
2023-12-11,13.847635660813856,1.3050228430459934
2023-12-12,13.435909790121201,1.3322744597647749
2023-12-13,13.729635524326046,1.3175114602190867
2023-12-14,13.746717568703136,1.3793097613606384
2023-12-15,13.654408440522909,1.3371415994921343
2023-12-18,14.148606457805771,1.3020043441805218
2023-12-19,13.936278527397523,1.2949414348518304
2023-12-20,14.47036739783739,1.2723947128363142
2023-12-21,14.455110131836637,1.2851652297084926
2023-12-22,14.357848182425789,1.2532495836862434
2023-12-26,14.406751112371403,1.2366016524967411
2023-12-27,14.379992479071582,1.213108704533526
2023-12-28,14.201939337091268,1.1892687785711422
2023-12-29,14.365835617674062,1.1701146311206818
2024-01-02,19.28195492883234,1.1633327244627945
2024-01-03,19.184660037196757,1.6028796051202716
2024-01-04,17.669948093727804,1.5551677116932507
2024-01-05,17.646740324456754,1.5457061946841424
2024-01-08,19.576691138278445,1.4914427903842822
2024-01-09,19.240706659702834,1.6145069673608392
2024-01-10,19.063770835861977,1.5499448109551535
2024-01-11,18.716342685809348,1.5002480866491352
2024-01-12,17.421999576521014,1.4487897238160885
2024-01-16,17.655885787648185,1.400227312320492
2024-01-17,17.657765316561573,1.4082710967261018
2024-01-18,21.67109915059402,1.3721617584010968
2024-01-19,22.39926354231157,1.6562521445534046
2024-01-22,22.597710072228896,1.6555167717385175
2024-01-23,22.727109442446405,1.6285161755877722
2024-01-24,22.670109634478226,1.5743155051553392
2024-01-25,22.65311282652124,1.5159026166321654
2024-01-26,22.8938068967256,1.4603987902730373
2024-01-29,22.90558114172928,1.4368467656318922
2024-01-30,23.827525921440813,1.3928421124036527
2024-01-31,21.111177058844312,1.4756462837355875
2024-02-01,21.458541591015116,1.5451617569621066
2024-02-02,20.999160077593178,1.5407598689845152
2024-02-05,21.127237397590537,1.491200431650602
2024-02-06,19.64881546226872,1.4685343991901703
2024-02-07,19.612048602374223,1.4413549445660685
2024-02-08,19.682434932790528,1.3926058276531283
2024-02-09,19.666527051602593,1.3604697954740808
2024-02-12,19.9775931407938,1.3260805685470476
2024-02-13,19.891349835956,1.3191165691472366
2024-02-14,19.878035977942933,1.3298186810470665
2024-02-15,15.9955153440691,1.301250313549808
2024-02-16,14.911844406817027,1.2682542861611563
2024-02-20,13.896750793181589,1.2651225967427817
2024-02-21,13.69178612437754,1.2417240651477197
2024-02-22,14.629361923303396,1.2212663979856486
2024-02-23,14.861052512018002,1.2448688973591726
2024-02-26,14.786730956411843,1.2562057251125545
2024-02-27,15.291622169133214,1.2487106657148923
2024-02-28,14.019640924668266,1.245748945694152
2024-02-29,12.380908295160664,1.235105349531217
2024-03-01,11.29530289225658,1.2139717557974685
2024-03-04,14.085083532624818,1.204394596810871
2024-03-05,16.008594463755603,1.4218767838400852
2024-03-06,15.200690673768175,1.6367833798604678
2024-03-07,15.138160967751787,1.5789652206586535
2024-03-08,16.145409768873566,1.5164452955650558
2024-03-11,16.919610420881238,1.4932128322435878
2024-03-12,17.014388052502742,1.4838764269436109
2024-03-13,17.06703488652485,1.4332092168924997
2024-03-14,17.84645175851143,1.435134318213243
2024-03-15,17.840658562125395,1.4266661456137046
2024-03-18,18.029876607381414,1.3809819212390528
2024-03-19,18.873002782980546,1.3526325889172934
2024-03-20,19.638533060388944,1.3771993604584236
2024-03-21,23.81493240326585,1.4086412767136516
2024-03-22,23.889947083675846,1.8724640313215584
2024-03-25,23.913689618941966,1.7897884011151388
2024-03-26,23.584212671671402,1.72633774240143
2024-03-27,25.112216609722392,1.6624089073987205
2024-03-28,25.28322891311333,1.717760822463095
2024-04-01,25.34181727765128,1.673999622219081
2024-04-02,23.925421074433302,1.6233467838855944
2024-04-03,21.766592061766886,1.5712971198773493
2024-04-04,21.7346377064282,1.5165388284211374
2024-04-05,21.793269607598916,1.4678153741086934
2024-04-08,21.586964105986393,1.4229651099650733
2024-04-09,21.29805468222812,1.39130303991577
2024-04-10,21.55454027525177,1.3658362330320184
2024-04-11,26.196555433416773,1.3690072720600586
2024-04-12,26.096512147351124,1.860674986909689
2024-04-15,27.34842885452981,1.7912337990900902
2024-04-16,28.071648508684426,1.83893880393148
2024-04-17,27.610802079646817,1.8503119154504912
2024-04-18,26.88909192835187,1.780086215088094
2024-04-19,23.081865553696435,1.707496806880251
2024-04-22,23.072982628215108,1.6757344530724732
2024-04-23,23.119878760964692,1.6113423441928494
2024-04-24,23.520926667472768,1.5579028541896696
2024-04-25,22.265815708595134,1.5468543343640255
2024-04-26,21.999427092611647,1.4957026317921265
2024-04-29,23.50395078109669,1.4452639814795845
2024-04-30,24.355415235395395,1.586649155447269
2024-05-01,24.403103516340025,1.625481448032
2024-05-02,25.52088922328421,1.5694302231181532
2024-05-03,32.55326686077106,1.6501049911287988
2024-05-06,32.67111928076037,2.3862475155508958
2024-05-07,32.646067729539624,2.269748789924072
2024-05-08,32.185647714455904,2.1485247267676004
2024-05-09,28.996983298297714,2.0351406605062263
2024-05-10,29.097884472872543,1.9548794458937102
2024-05-13,28.148752527430375,1.8695824901692533
2024-05-14,26.78241817542522,1.8593430942896034
2024-05-15,26.41173100109403,1.7805128274061612
2024-05-16,26.12723893910574,1.7393715872695457
2024-05-17,25.30293945007727,1.6615280834272825
2024-05-20,25.294544023517435,1.590896749997432
2024-05-21,25.293210545335338,1.5387121351672548
2024-05-22,25.726880795661195,1.4948657101922316
2024-05-23,27.51276664875966,1.4592397347049113
2024-05-24,27.62349465002109,1.5533539930938167
2024-05-28,26.781760185889087,1.576684554405425
2024-05-29,25.404174867335914,1.5142312995892424
2024-05-30,25.02933146136969,1.4587679858390035
2024-05-31,24.33975203826524,1.4173210315343667
2024-06-03,14.46951963520046,1.3795779895332967
2024-06-04,13.76865634551365,1.3669225106740945
2024-06-05,13.855476456481297,1.3268392866915195
2024-06-06,14.365143764632876,1.3121944934991303
2024-06-07,14.53563260090696,1.2957338801985345
2024-06-10,16.25926282208427,1.31808021099555
2024-06-11,28.641908684611582,1.4135993373853675
2024-06-12,29.772596279625297,2.554968854225024
2024-06-13,29.696279298669005,2.558646254980297
2024-06-14,30.074293174192373,2.416505642337796
2024-06-17,30.38799915866081,2.293930464856434
2024-06-18,31.028173246464007,2.248895116886471
2024-06-20,32.51771669924327,2.1532398875510967
2024-06-21,32.67607883533461,2.145682757401639
2024-06-24,31.27322485587616,2.0572618590302345
2024-06-25,30.99898354310053,1.9532603012888266
2024-06-26,31.388768263854868,1.861023449863753
2024-06-27,31.35775090639902,1.873731442844208
2024-06-28,32.341961116145555,1.7877025386814613
2024-07-01,33.434798175463534,1.778285974030977
2024-07-02,33.611878360212536,1.9126675185052668
2024-07-03,33.56726929137634,1.8853035881402165
2024-07-05,33.97854843385109,1.8028796519741006
2024-07-08,33.55680456097304,1.840776492372541
2024-07-09,33.54517707090245,1.7649544653503577
2024-07-10,32.19955592594941,1.6886125850230134
2024-07-11,25.150799581363763,1.7141097529489824
2024-07-12,23.811500966875098,1.790929144304035
2024-07-15,24.23068356975363,1.754195499762712
2024-07-16,23.79175543809344,1.7510719656620095
2024-07-17,25.476768850661685,1.6729360321838873
2024-07-18,26.38966230547577,1.7848006873663267
2024-07-19,24.840740981880003,1.818425539787745
2024-07-22,24.377038327132666,1.7332905287055367
2024-07-23,24.377413824002975,1.6565957769441002
2024-07-24,27.051532545093366,1.5929424677480428
2024-07-25,26.331145422799672,1.7730217632082876
2024-07-26,26.311621744980624,1.69842951492703
2024-07-29,25.50767634323278,1.6256578799716113
2024-07-30,23.454987882365085,1.5589519070377449
2024-07-31,23.350059844992938,1.5003127379088552
2024-08-01,24.034752475478456,1.5162288262027224
2024-08-02,22.78162023918264,1.5495521190794883
2024-08-05,28.184181864378523,1.5045878086542601
2024-08-06,28.083696664474594,2.099549908370178
2024-08-07,27.472925698473006,2.012245224177621
2024-08-08,27.614689263857688,1.9476482366398546
2024-08-09,27.668288445157245,1.9191957989037163
2024-08-12,26.962818173041697,1.8725762949024038
2024-08-13,27.90066711742723,1.7958127534348902
2024-08-14,26.612622805792636,1.7911863923994948
2024-08-15,26.100310871367927,1.7095905997716876
2024-08-16,26.17940008945479,1.6859278094133299
2024-08-19,26.172480451736373,1.6231662313959134
2024-08-20,26.140366446250283,1.5563520096907408
2024-08-21,23.70703644200108,1.498270970835424
2024-08-22,23.86784665020656,1.4436804028786838
2024-08-23,24.06204928054612,1.4177394366777598
2024-08-26,24.061260270943936,1.4070327332535377
2024-08-27,24.068068193286226,1.3625175716072357
2024-08-28,23.771570836739386,1.3269216355187912
2024-08-29,23.23384330798439,1.30692580855919
2024-08-30,23.272024722870878,1.3479905612134544
2024-09-03,17.436216040320947,1.3132516357362094
2024-09-04,17.328025012081376,1.5341835623103517
2024-09-05,17.048774598009388,1.4997648899277043
2024-09-06,16.6125450605081,1.4604808818071378
2024-09-09,16.013397808677084,1.4261996024561059
2024-09-10,15.934936479229592,1.3789619364190708
2024-09-11,15.28525260627397,1.341281977637292
2024-09-12,15.272062232258026,1.3503358837600188
2024-09-13,14.455731438373453,1.311149639100265
2024-09-16,17.245365611640334,1.2766813931555272
2024-09-17,17.30853960229726,1.517431189299825
2024-09-18,18.640611847669106,1.4623650875542344
2024-09-19,22.9529512706108,1.5142410332849037
2024-09-20,22.757233975240037,1.8384781460846709
2024-09-23,22.658390147556624,1.7537531238095971
2024-09-24,22.698115209852578,1.6907570975269925
2024-09-25,22.706435641634528,1.621948623362492
2024-09-26,22.652042436459432,1.5610034826630828
2024-09-27,22.026799227148416,1.5081713774369294
2024-09-30,23.451097895667726,1.4529659459335618
2024-10-01,23.780032315651763,1.5660215960594688
2024-10-02,23.52219607773399,1.7584424240194683
2024-10-03,23.524259903618788,1.6805023444026699
2024-10-04,23.38423203986329,1.6151370153689457
2024-10-07,24.90644291744719,1.556552389310937
2024-10-08,25.661316435878206,1.652274164174127
2024-10-09,25.988724366849937,1.6790756595802108
2024-10-10,26.020072238388288,1.6856503595340566
2024-10-11,26.158515979949232,1.6141207974513347
2024-10-14,24.25030545444711,1.561001030546815
2024-10-15,24.39414991288875,1.5821704842168594
2024-10-16,24.197255340842002,1.5561958782364747
2024-10-17,20.609687165125663,1.5205728666562328
2024-10-18,20.952111508662068,1.4644896990950504
2024-10-21,20.732829571474824,1.4622791568108766
2024-10-22,20.788722521423153,1.424427760085669
2024-10-23,22.34816396914519,1.3796843512866053
2024-10-24,22.302360764525314,1.496935594664425
2024-10-25,22.326890676367487,1.442624981571248
2024-10-28,21.024147828205074,1.3981156034819082
2024-10-29,17.86679292165221,1.3791620259842627
2024-10-30,18.85208103369409,1.337279732589013
2024-10-31,19.959812433513676,1.3830900398727037
2024-11-01,20.415964604087343,1.4547370706039315
2024-11-04,18.763674714969934,1.4635053731008787
2024-11-05,17.686584486581975,1.4178426947426264
2024-11-06,16.508656547886524,1.3857738788753242
2024-11-07,18.35592654757056,1.3464880868285145
2024-11-08,18.21462586051291,1.460602127490196
2024-11-11,17.601941554208743,1.4102346760140114
2024-11-12,16.9921246535217,1.4145042072810996
2024-11-13,16.917630560321,1.368427685407792
2024-11-14,17.725818846373834,1.3328004665284576
2024-11-15,17.635663423012875,1.3620726427994239
2024-11-18,18.24834993773481,1.3920009132498405
2024-11-19,18.273770101626372,1.4093303521167608
2024-11-20,16.678970660344202,1.3642456020514657
2024-11-21,16.690128448897223,1.3270218785331735
2024-11-22,16.781190482680806,1.2918866047408868
2024-11-25,17.157509315592222,1.2719798938603886
2024-11-26,17.47870181628797,1.3038669470827666
2024-11-27,16.47005126744913,1.3019184970082887
2024-11-29,15.049554933445494,1.2680353605040513
2024-12-02,13.998610435622174,1.2767167362095748
2024-12-03,14.0368053166825,1.2792101991852285
2024-12-04,14.055690764440707,1.3074241146781962
2024-12-05,13.865022965648885,1.2736372359382762
2024-12-06,12.473101527573215,1.2427912165685149
2024-12-09,13.120728239220053,1.2156916239899593
2024-12-10,11.629636190085733,1.2888525358621474
2024-12-11,12.061775831860711,1.2626995835029102
2024-12-12,12.065519240446381,1.2433358063444475
2024-12-13,11.677410897602547,1.2296002256297678
2024-12-16,9.719865093418747,1.2039323200868781
2024-12-17,9.409295824474203,1.2343506702762432
2024-12-18,13.383260722655185,1.244083767802639
2024-12-19,13.414466867563728,1.387115681155112
2024-12-20,14.095975871994938,1.3610233299587073
2024-12-23,14.118216819400239,1.4398060674291255
2024-12-24,14.015846559234813,1.394285945472222
2024-12-26,13.941991647294195,1.3952535084497102
2024-12-27,15.273335221469274,1.354714326077378
2024-12-30,16.30461634320895,1.3774695297711639
